example,condition,source,source_offset_seconds,applied_gain,output,sha256,sample_rate_hz,channels,duration_seconds
ballet-egyptian,input,/data/steven/restor/reports/listening_test_table5/golisten_babe2_25/staged_audio/orchestra_ballet_egyptian_110/INPUT.wav,0,0.891250938,public/audio/historical/ballet-egyptian/input.mp3,e6b611f617ab2c62209e1e66996d66f579bfeed1a3e9fb4f8dad7b555022720c,44100,2,5.041633
ballet-egyptian,babe2-p,/data/steven/restor/reports/listening_test_table5/golisten_babe2_25/staged_audio/orchestra_ballet_egyptian_110/BABE2_PRETRAINED.wav,0,0.891250938,public/audio/historical/ballet-egyptian/babe2-p.mp3,6138c04fd87a36a3a2e4165e7839da1a6e24a3f58d38b30b8b1c46439ed6be6f,44100,2,5.041633
ballet-egyptian,babe2-fos,/data/steven/restor/reports/listening_test_table5/golisten_babe2_25/staged_audio/orchestra_ballet_egyptian_110/BABE2_FMS.wav,0,0.891250938,public/audio/historical/ballet-egyptian/babe2-fos.mp3,dd880a6b35a1abf6d080b59c0e0bbee6b2a3c2c0cf86a9aec52a099c1f514309,44100,2,5.041633
ballet-egyptian,samecfm,/data/steven/restor/reports/listening_test_table5/golisten_babe2_25/staged_audio/orchestra_ballet_egyptian_110/CFM40.wav,0,0.891250938,public/audio/historical/ballet-egyptian/samecfm.mp3,a87d6a26abe2e8bb338a8d9f1b9236a5b3e43f14c51c40b163530ee330b41076,44100,2,5.041633
ballet-egyptian,behm-p,/data/steven/restor/IA_test_set_inference_outputs/behm/denoiser_only_44k_compat/78_ballet-egyptian-nos-1-and-2_american-symphony-orchestra-alexandre-luigini_gbia0078132a.flac,110.0,0.87342591924,public/audio/historical/ballet-egyptian/behm-p.mp3,e6fb76cc50a03072ed46f56889217f8298c88ab86500b19ad5c98e685a7927e7,44100,2,5.041633
ballet-egyptian,behm-fos,/data/steven/restor/IA_test_set_inference_outputs/behm/fms_leakless/78_ballet-egyptian-nos-1-and-2_american-symphony-orchestra-alexandre-luigini_gbia0078132a.flac,110.0,0.87342591924,public/audio/historical/ballet-egyptian/behm-fos.mp3,bc2b4dc54322014bb38c491acead5d65a018885ee38511579a92499d4de11f1c,44100,2,5.041633
rigoletto,input,/data/steven/restor/reports/listening_test_table5/golisten_babe2_25/staged_audio/orchestra_rigoletto_75/INPUT.wav,0,0.891250938,public/audio/historical/rigoletto/input.mp3,9ec5a09737f8791bdc96e758ff6ef3da30e6413c4bfdefd8f1ad2b0f6a264bce,44100,2,5.041633
rigoletto,babe2-p,/data/steven/restor/reports/listening_test_table5/golisten_babe2_25/staged_audio/orchestra_rigoletto_75/BABE2_PRETRAINED.wav,0,0.891250938,public/audio/historical/rigoletto/babe2-p.mp3,88cdb08f4f1fdae34ee933496e7873a9aacd342b03805158aea4067e8fe37f04,44100,2,5.041633
rigoletto,babe2-fos,/data/steven/restor/reports/listening_test_table5/golisten_babe2_25/staged_audio/orchestra_rigoletto_75/BABE2_FMS.wav,0,0.891250938,public/audio/historical/rigoletto/babe2-fos.mp3,c0f83ea8573b78f2dde34e988d624b9bf806b3f1ac4fcd892b1c4df9bd81acdb,44100,2,5.041633
rigoletto,samecfm,/data/steven/restor/reports/listening_test_table5/golisten_babe2_25/staged_audio/orchestra_rigoletto_75/CFM40.wav,0,0.891250938,public/audio/historical/rigoletto/samecfm.mp3,fef7de6b017db6140b43d792f5b0a19c007b55fa30ee44ddc8570a516c163958,44100,2,5.041633
rigoletto,behm-p,/data/steven/restor/IA_test_set_inference_outputs/behm/denoiser_only_44k_compat/78_rigoletto-selection-part-1_american-symphony-orchestra-g-verdi_gbia0298845a.flac,75.0,0.87342591924,public/audio/historical/rigoletto/behm-p.mp3,0d13734f8488110fcc4ff330f8e1da0bff059b49b76ce2e74932c961e4691a2a,44100,2,5.041633
rigoletto,behm-fos,/data/steven/restor/IA_test_set_inference_outputs/behm/fms_leakless/78_rigoletto-selection-part-1_american-symphony-orchestra-g-verdi_gbia0298845a.flac,75.0,0.87342591924,public/audio/historical/rigoletto/behm-fos.mp3,2ed714f6caaa86d320f8badc9c62f785dad0d2eac27569cdc269721fbf92271d,44100,2,5.041633
hungarian-dance,input,/data/steven/restor/reports/listening_test_table5/golisten_babe2_25/staged_audio/orchestra_hungarian_dance_5_95/INPUT.wav,0,0.891250938,public/audio/historical/hungarian-dance/input.mp3,fc5634f19b795fc155e6b48779d53bc841b508434e7994a739cb05bcccc7d2e4,44100,2,5.041633
hungarian-dance,babe2-p,/data/steven/restor/reports/listening_test_table5/golisten_babe2_25/staged_audio/orchestra_hungarian_dance_5_95/BABE2_PRETRAINED.wav,0,0.891250938,public/audio/historical/hungarian-dance/babe2-p.mp3,8742e305fc035515c1b664a15609bc968c4966e79958c92a06fdac0386dc0bcb,44100,2,5.041633
hungarian-dance,babe2-fos,/data/steven/restor/reports/listening_test_table5/golisten_babe2_25/staged_audio/orchestra_hungarian_dance_5_95/BABE2_FMS.wav,0,0.891250938,public/audio/historical/hungarian-dance/babe2-fos.mp3,4f5a4046a866098c048c847dd764dfbbcfb2a15f210ec6f02c86a95d5ebadb11,44100,2,5.041633
hungarian-dance,samecfm,/data/steven/restor/reports/listening_test_table5/golisten_babe2_25/staged_audio/orchestra_hungarian_dance_5_95/CFM40.wav,0,0.891250938,public/audio/historical/hungarian-dance/samecfm.mp3,c9abc9b0bd286a649d6e65219d3f3ab7954d6605000d892429d5609d751334d6,44100,2,5.041633
hungarian-dance,behm-p,/data/steven/restor/IA_test_set_inference_outputs/behm/denoiser_only_44k_compat/78_hungarian-dance-no-5_philadelphia-symphony-orchestra-brahms-leopold-stokowski_gbia0183029a.flac,95.0,0.891250938,public/audio/historical/hungarian-dance/behm-p.mp3,577514df48fc602a294769a8d6620f157de6860bd4cae88f21ce7ab0bde3be64,44100,2,5.041633
hungarian-dance,behm-fos,/data/steven/restor/IA_test_set_inference_outputs/behm/fms_leakless/78_hungarian-dance-no-5_philadelphia-symphony-orchestra-brahms-leopold-stokowski_gbia0183029a.flac,95.0,0.891250938,public/audio/historical/hungarian-dance/behm-fos.mp3,959f004e47938b011523e04960aa599072a54e916b489dbdebe5c98aab15b44c,44100,2,5.041633
minuetto,input,/data/steven/restor/reports/listening_test_table5/golisten_babe2_25/staged_audio/light_minuetto_80/INPUT.wav,0,0.891250938,public/audio/historical/minuetto/input.mp3,3d0552b246b8f043f9aa508da998d384f753fd4302a7b689c8e0c6f9f56b8c73,44100,2,5.041633
minuetto,babe2-p,/data/steven/restor/reports/listening_test_table5/golisten_babe2_25/staged_audio/light_minuetto_80/BABE2_PRETRAINED.wav,0,0.891250938,public/audio/historical/minuetto/babe2-p.mp3,6d446f8240170fb25e5989d28299b8104634177dced7a896c67ddd676ea31d94,44100,2,5.041633
minuetto,babe2-fos,/data/steven/restor/reports/listening_test_table5/golisten_babe2_25/staged_audio/light_minuetto_80/BABE2_FMS.wav,0,0.891250938,public/audio/historical/minuetto/babe2-fos.mp3,dc5fba7a93b7d4c649815761200d1b771457305efc9cb3137956495ac9af1a37,44100,2,5.041633
minuetto,samecfm,/data/steven/restor/reports/listening_test_table5/golisten_babe2_25/staged_audio/light_minuetto_80/CFM40.wav,0,0.891250938,public/audio/historical/minuetto/samecfm.mp3,0aec7feac992e6330907c5ae2dac108a19bc65ea722972f35c31fcdad113bddc,44100,2,5.041633
minuetto,behm-p,/data/steven/restor/IA_test_set_inference_outputs/behm/denoiser_only_44k_compat/78_minuetto_american-symphony-orchestra-g-bolzoni_gbia0078138a.flac,80.0,0.87342591924,public/audio/historical/minuetto/behm-p.mp3,f1ffbbcfc175554d141587a51eb3985002e14acd99e55038e80e873096b86ac8,44100,2,5.041633
minuetto,behm-fos,/data/steven/restor/IA_test_set_inference_outputs/behm/fms_leakless/78_minuetto_american-symphony-orchestra-g-bolzoni_gbia0078138a.flac,80.0,0.87342591924,public/audio/historical/minuetto/behm-fos.mp3,4bad53261a824885ae09cbcf1947c0609898d00ae4e78593bc464e708d9e7bc8,44100,2,5.041633
scented-violets,input,/data/steven/restor/reports/listening_test_table5/golisten_babe2_25/staged_audio/light_scented_violets_50/INPUT.wav,0,0.891250938,public/audio/historical/scented-violets/input.mp3,71760bbb547d146001618bf7bcdff3bb1f20e7893e80ebf58afed6bd1d4a13e2,44100,2,5.041633
scented-violets,babe2-p,/data/steven/restor/reports/listening_test_table5/golisten_babe2_25/staged_audio/light_scented_violets_50/BABE2_PRETRAINED.wav,0,0.891250938,public/audio/historical/scented-violets/babe2-p.mp3,108003d99fec29fd39cf4b0ec3757840d9d90ca05148ce8ac3dec091229d4e3e,44100,2,5.041633
scented-violets,babe2-fos,/data/steven/restor/reports/listening_test_table5/golisten_babe2_25/staged_audio/light_scented_violets_50/BABE2_FMS.wav,0,0.891250938,public/audio/historical/scented-violets/babe2-fos.mp3,80cf767f037b659ba624a521951540b610e4fadd8547446d68459adc338d2e49,44100,2,5.041633
scented-violets,samecfm,/data/steven/restor/reports/listening_test_table5/golisten_babe2_25/staged_audio/light_scented_violets_50/CFM40.wav,0,0.891250938,public/audio/historical/scented-violets/samecfm.mp3,5179ceb4c2f9fb8a05d9bf0186e23a573620c82737320ca31d8e772a4a22678a,44100,2,5.041633
scented-violets,behm-p,/data/steven/restor/IA_test_set_inference_outputs/behm/denoiser_only_44k_compat/78_scented-violets_peerless-orchestra-jules-reynard_gbia0178673b.flac,50.0,0.87342591924,public/audio/historical/scented-violets/behm-p.mp3,b3039d2327244cca74de11314c1ff15c7f961e81956d64191967d234d343651f,44100,2,5.041633
scented-violets,behm-fos,/data/steven/restor/IA_test_set_inference_outputs/behm/fms_leakless/78_scented-violets_peerless-orchestra-jules-reynard_gbia0178673b.flac,50.0,0.87342591924,public/audio/historical/scented-violets/behm-fos.mp3,db5b25e537b26167d1e8ca9bd24c44d6c62d899a45385a16aa6f049d44604ba4,44100,2,5.041633
lady-bird,input,/data/steven/restor/reports/listening_test_table5/golisten_babe2_25/staged_audio/light_lady_bird_95/INPUT.wav,0,0.891250938,public/audio/historical/lady-bird/input.mp3,ad842fad5399871157dde6178fd4efe7550553fcc11253273a270e8111d311fa,44100,2,5.041633
lady-bird,babe2-p,/data/steven/restor/reports/listening_test_table5/golisten_babe2_25/staged_audio/light_lady_bird_95/BABE2_PRETRAINED.wav,0,0.891250938,public/audio/historical/lady-bird/babe2-p.mp3,d753162158b14d4e9b9a7374687e237be4e7593b9b6ab63b4ffd23c0bb357f2b,44100,2,5.041633
lady-bird,babe2-fos,/data/steven/restor/reports/listening_test_table5/golisten_babe2_25/staged_audio/light_lady_bird_95/BABE2_FMS.wav,0,0.891250938,public/audio/historical/lady-bird/babe2-fos.mp3,cb7ad12a2442af066819403b4fe0b6c3213fd272a6e826fb9bb127efbe93eacd,44100,2,5.041633
lady-bird,samecfm,/data/steven/restor/reports/listening_test_table5/golisten_babe2_25/staged_audio/light_lady_bird_95/CFM40.wav,0,0.891250938,public/audio/historical/lady-bird/samecfm.mp3,e145825c430500c43db792e876df80e7ce7605264d2488fcf4a075c4dfd157ce,44100,2,5.041633
lady-bird,behm-p,/data/steven/restor/IA_test_set_inference_outputs/behm/denoiser_only_44k_compat/78_lady-bird-tango_the-peerless-orchestra-p-s-robinson_gbia3038426b.flac,95.0,0.891250938,public/audio/historical/lady-bird/behm-p.mp3,291201d78f0a24f20b8fb89bbf525db4aad61e95956f6da5eb14da6694a353a1,44100,2,5.041633
lady-bird,behm-fos,/data/steven/restor/IA_test_set_inference_outputs/behm/fms_leakless/78_lady-bird-tango_the-peerless-orchestra-p-s-robinson_gbia3038426b.flac,95.0,0.891250938,public/audio/historical/lady-bird/behm-fos.mp3,13550f3f1aef3aeb0ca75ba12b286227c8f30e94e0c5082372123f26dc48542b,44100,2,5.041633
reward-blue-danube,input,/data/steven/restor/reports/listening_test_table5/golisten_babe2_25/staged_audio/orchestra_blue_danube_155/INPUT.wav,0,0.891250938,public/audio/reward-comparison/blue-danube/input.mp3,387eee9e87daaca34556955ef5f22c5aa7e66b8f5278460e9c9e2a4a0dda9faa,44100,2,5.041633
reward-blue-danube,samecfm,/data/steven/restor/reports/listening_test_table5/golisten_babe2_25/staged_audio/orchestra_blue_danube_155/CFM40.wav,0,0.891250938,public/audio/reward-comparison/blue-danube/samecfm.mp3,aeb1fca95c55da56791bf3665f0cfb533fe9f957d059b4f7e5c627a919ccde64,44100,2,5.041633
reward-blue-danube,aa-pq-songbench,/data/steven/restor/reports/listening_test_table5/golisten_babe2_25/analysis/mosq_objective_alignment/compound_reward_demo/aa_pq_songbench_compound_iteration_000090/04_60-070pct_orchestra_blue_danube_155.wav,0,0.891250938,public/audio/reward-comparison/blue-danube/aa-pq-songbench.mp3,5cfd6a8ae25c58c274eabf18af7511eb5ca787dbef13437b5a4a4ae7bd3034d8,44100,2,5.041633
reward-ballet-egyptian,input,/data/steven/restor/reports/listening_test_table5/golisten_babe2_25/staged_audio/orchestra_ballet_egyptian_110/INPUT.wav,0,0.891250938,public/audio/reward-comparison/ballet-egyptian/input.mp3,548a67afc0d87831b778c1baf64d1c58cddd84a550df0e03d562408ae02ce316,44100,2,5.041633
reward-ballet-egyptian,samecfm,/data/steven/restor/reports/listening_test_table5/golisten_babe2_25/staged_audio/orchestra_ballet_egyptian_110/CFM40.wav,0,0.891250938,public/audio/reward-comparison/ballet-egyptian/samecfm.mp3,d05da0a7431bb8ce1bcb33ed3e4e4032db78c4b4f92944e176c50c1c3d1de88e,44100,2,5.041633
reward-ballet-egyptian,aa-pq-songbench,/data/steven/restor/reports/listening_test_table5/golisten_babe2_25/analysis/mosq_objective_alignment/compound_reward_demo/aa_pq_songbench_compound_iteration_000090/05_50-060pct_orchestra_ballet_egyptian_110.wav,0,0.891250938,public/audio/reward-comparison/ballet-egyptian/aa-pq-songbench.mp3,1d7b2803f23e2064461f02981153c7b00c5656c08eaa058fef95fe3349285cbc,44100,2,5.041633
reward-dance-flutes,input,/data/steven/restor/reports/listening_test_table5/golisten_babe2_25/staged_audio/orchestra_dance_flutes_45/INPUT.wav,0,0.891250938,public/audio/reward-comparison/dance-flutes/input.mp3,142bf94d1f6116abfebb0a67c9235a4088f7d0eec5b59ed5dad1411dbbe013ce,44100,2,5.041633
reward-dance-flutes,samecfm,/data/steven/restor/reports/listening_test_table5/golisten_babe2_25/staged_audio/orchestra_dance_flutes_45/CFM40.wav,0,0.891250938,public/audio/reward-comparison/dance-flutes/samecfm.mp3,50efe365d775cef1abf6ea924ac8b07570b41b7e480d15a516375bcc97406097,44100,2,5.041633
reward-dance-flutes,aa-pq-songbench,/data/steven/restor/reports/listening_test_table5/golisten_babe2_25/analysis/mosq_objective_alignment/compound_reward_demo/aa_pq_songbench_compound_iteration_000090/10_00-010pct_orchestra_dance_flutes_45.wav,0,0.891250938,public/audio/reward-comparison/dance-flutes/aa-pq-songbench.mp3,5a7c56a14811b6e80ffb007e0d063da50c98e05d1c92932452d6fdb18764f0b6,44100,2,5.041633
reward-rigoletto,input,/data/steven/restor/reports/listening_test_table5/golisten_babe2_25/staged_audio/orchestra_rigoletto_75/INPUT.wav,0,0.891250938,public/audio/reward-comparison/rigoletto/input.mp3,f0de355b1f817b1618d732d4b1b4832ba665e268b11c56c044e5e4c26924f760,44100,2,5.041633
reward-rigoletto,samecfm,/data/steven/restor/reports/listening_test_table5/golisten_babe2_25/staged_audio/orchestra_rigoletto_75/CFM40.wav,0,0.891250938,public/audio/reward-comparison/rigoletto/samecfm.mp3,1576bd553d2be56317a4850feca1add5ce7c4a2bcf246767ba2e89ef0e4dd5bb,44100,2,5.041633
reward-rigoletto,aa-pq-songbench,/data/steven/restor/reports/listening_test_table5/golisten_babe2_25/analysis/mosq_objective_alignment/compound_reward_demo/aa_pq_songbench_compound_iteration_000090/06_40-050pct_orchestra_rigoletto_75.wav,0,0.891250938,public/audio/reward-comparison/rigoletto/aa-pq-songbench.mp3,9e159493f94324714377fb44b199d3e4fd8c63da15b2e3890c54b75c72d614eb,44100,2,5.041633
reward-hungarian-dance,input,/data/steven/restor/reports/listening_test_table5/golisten_babe2_25/staged_audio/orchestra_hungarian_dance_5_95/INPUT.wav,0,0.891250938,public/audio/reward-comparison/hungarian-dance/input.mp3,b9c52b5f16a85c3a3823180ab061c3430cc038d82b6a84ed4e3b398605566b0d,44100,2,5.041633
reward-hungarian-dance,samecfm,/data/steven/restor/reports/listening_test_table5/golisten_babe2_25/staged_audio/orchestra_hungarian_dance_5_95/CFM40.wav,0,0.891250938,public/audio/reward-comparison/hungarian-dance/samecfm.mp3,2682643f4d5d60f8d791a8f91d946b53823cbd37d955281ea561600669084537,44100,2,5.041633
reward-hungarian-dance,aa-pq-songbench,/data/steven/restor/reports/listening_test_table5/golisten_babe2_25/analysis/mosq_objective_alignment/compound_reward_demo/aa_pq_songbench_compound_iteration_000090/09_10-020pct_orchestra_hungarian_dance_5_95.wav,0,0.891250938,public/audio/reward-comparison/hungarian-dance/aa-pq-songbench.mp3,a9edf018d160abaaded476a6fae1024e775e23012afde07fccc3e6c9106343b8,44100,2,5.041633
reward-minuetto,input,/data/steven/restor/reports/listening_test_table5/golisten_babe2_25/staged_audio/light_minuetto_80/INPUT.wav,0,0.891250938,public/audio/reward-comparison/minuetto/input.mp3,db54a2f47a2bfa4754ceb2971993fcaa9cbd2b6d3dcb559cd0db12074658a11a,44100,2,5.041633
reward-minuetto,samecfm,/data/steven/restor/reports/listening_test_table5/golisten_babe2_25/staged_audio/light_minuetto_80/CFM40.wav,0,0.891250938,public/audio/reward-comparison/minuetto/samecfm.mp3,5748acffb3b12eb37314d16f95132aa88b0ddf90c3c968262c776983b9447f8f,44100,2,5.041633
reward-minuetto,aa-pq-songbench,/data/steven/restor/reports/listening_test_table5/golisten_babe2_25/analysis/mosq_objective_alignment/compound_reward_demo/aa_pq_songbench_compound_iteration_000090/07_30-040pct_light_minuetto_80.wav,0,0.891250938,public/audio/reward-comparison/minuetto/aa-pq-songbench.mp3,79f7a716c0ee3c4f849d98ca1259499a124780e80c9b34bcfcb40f2f2afa4bdb,44100,2,5.041633
reward-scented-violets,input,/data/steven/restor/reports/listening_test_table5/golisten_babe2_25/staged_audio/light_scented_violets_50/INPUT.wav,0,0.891250938,public/audio/reward-comparison/scented-violets/input.mp3,6d23569818084c9f673e8dabe1f22fc7a3f7b2b0ee04234bed717b67dfe4cbe6,44100,2,5.041633
reward-scented-violets,samecfm,/data/steven/restor/reports/listening_test_table5/golisten_babe2_25/staged_audio/light_scented_violets_50/CFM40.wav,0,0.891250938,public/audio/reward-comparison/scented-violets/samecfm.mp3,6cfceb29553552f94532d2c658b65c2131dcfb97aaa84c1ce032b60c6ff964dd,44100,2,5.041633
reward-scented-violets,aa-pq-songbench,/data/steven/restor/reports/listening_test_table5/golisten_babe2_25/analysis/mosq_objective_alignment/compound_reward_demo/aa_pq_songbench_compound_iteration_000090/01_90-100pct_light_scented_violets_50.wav,0,0.891250938,public/audio/reward-comparison/scented-violets/aa-pq-songbench.mp3,3eece551a7aceb51acd604ab4e6fe80ce704791ed7fd8e5ca8bdef68a7cb5a28,44100,2,5.041633
reward-lady-bird,input,/data/steven/restor/reports/listening_test_table5/golisten_babe2_25/staged_audio/light_lady_bird_95/INPUT.wav,0,0.891250938,public/audio/reward-comparison/lady-bird/input.mp3,ff77775f141c62cb8eab27813579449eedd25f4eeaa841dcc1c590a8e827f113,44100,2,5.041633
reward-lady-bird,samecfm,/data/steven/restor/reports/listening_test_table5/golisten_babe2_25/staged_audio/light_lady_bird_95/CFM40.wav,0,0.891250938,public/audio/reward-comparison/lady-bird/samecfm.mp3,6071a0ba1ad5ac29894749e4e55a1e3b1d3ecd146025546b8584b3f8bf4c8b50,44100,2,5.041633
reward-lady-bird,aa-pq-songbench,/data/steven/restor/reports/listening_test_table5/golisten_babe2_25/analysis/mosq_objective_alignment/compound_reward_demo/aa_pq_songbench_compound_iteration_000090/02_80-090pct_light_lady_bird_95.wav,0,0.891250938,public/audio/reward-comparison/lady-bird/aa-pq-songbench.mp3,a851cc4f48fd2fc525d953f53110840407dbee3ce0d9f5284643b946132572eb,44100,2,5.041633
reward-caravan-105,input,/data/steven/restor/reports/listening_test_table5/golisten_babe2_25/staged_audio/light_caravan_100/INPUT.wav,0,0.891250938,public/audio/reward-comparison/caravan-105/input.mp3,1fbd1b60c03c879d08be557e3624ce787c6d3b3fdaf49134ac4184907f10aebb,44100,2,5.041633
reward-caravan-105,samecfm,/data/steven/restor/reports/listening_test_table5/golisten_babe2_25/staged_audio/light_caravan_100/CFM40.wav,0,0.891250938,public/audio/reward-comparison/caravan-105/samecfm.mp3,c140baa4b2326ae011ee1190238890152cfce3f2fdc1b2d65eaae94d903fc4a7,44100,2,5.041633
reward-caravan-105,aa-pq-songbench,/data/steven/restor/reports/listening_test_table5/golisten_babe2_25/analysis/mosq_objective_alignment/compound_reward_demo/aa_pq_songbench_compound_iteration_000090/03_70-080pct_light_caravan_100.wav,0,0.891250938,public/audio/reward-comparison/caravan-105/aa-pq-songbench.mp3,f02eaf8bbfffe3fa54f973e5e1209205cfed3a084e4c5219377fd3cd806cdc77,44100,2,5.041633
reward-caravan-175,input,/data/steven/restor/reports/listening_test_table5/golisten_babe2_25/staged_audio/light_caravan_170/INPUT.wav,0,0.891250938,public/audio/reward-comparison/caravan-175/input.mp3,5ac39a76c3eb24bdd20a5dd087ee1a78ba09e0301a8703dbb0deef2967d0dde6,44100,2,5.041633
reward-caravan-175,samecfm,/data/steven/restor/reports/listening_test_table5/golisten_babe2_25/staged_audio/light_caravan_170/CFM40.wav,0,0.891250938,public/audio/reward-comparison/caravan-175/samecfm.mp3,6e2905fb9f7f4162358c229fe8f9297f33e8670cd78bb5b445ad3f675907dc70,44100,2,5.041633
reward-caravan-175,aa-pq-songbench,/data/steven/restor/reports/listening_test_table5/golisten_babe2_25/analysis/mosq_objective_alignment/compound_reward_demo/aa_pq_songbench_compound_iteration_000090/08_20-030pct_light_caravan_170.wav,0,0.891250938,public/audio/reward-comparison/caravan-175/aa-pq-songbench.mp3,c42d7b1731dea94bce315f008d19ce9fbd2e5394346a24a7307f0fd5285cacfb,44100,2,5.041633
